"1","ipsa","2017-10-28 15:05:16","2020-08-04 19:38:38",
"2","omnis","2012-04-11 02:49:24","2015-07-17 04:17:28",
"3","temporibus","2017-04-29 09:50:24","2018-08-05 17:57:25",
"4","doloribus","2013-12-04 01:50:20","2020-12-19 17:05:10",
"5","pariatur","2019-01-14 05:14:42","2019-11-03 11:02:05",
"6","id","2013-02-26 08:07:16","2015-10-30 10:49:37",
"7","provident","2013-11-05 03:20:25","2016-04-18 05:00:45",
"8","qui","2020-02-29 14:08:30","2020-09-15 11:55:19",
"9","sit","2012-11-10 13:01:09","2020-05-07 03:38:47",
"10","voluptatem","2012-02-29 15:18:48","2018-01-02 08:16:14",
"11","ipsum","2013-03-24 18:03:10","2015-04-16 17:09:50",
"12","magni","2011-01-27 05:55:17","2013-07-05 20:06:58",
"13","et","2013-07-22 20:51:12","2015-09-08 07:11:09",
"14","deserunt","2014-03-19 12:28:00","2017-08-01 20:04:58",
"15","reprehenderit","2011-12-29 01:47:44","2015-02-08 03:41:40",
"16","fuga","2017-12-10 21:34:11","2020-07-21 07:35:22",
