"1","201","2016-02-29 07:03:26",
"1","214","2014-02-13 04:45:50",
"1","255","2019-09-18 07:19:17",
"1","268","2012-06-01 02:50:19",
"1","309","2018-04-17 23:21:35",
"1","322","2013-09-12 20:59:15",
"2","202","2015-08-04 23:56:28",
"2","215","2017-09-07 19:59:54",
"2","256","2020-02-03 04:35:26",
"2","269","2015-05-25 20:20:17",
"2","310","2015-02-26 08:33:16",
"2","323","2016-03-11 22:10:36",
"3","203","2015-11-23 21:21:07",
"3","216","2013-10-24 14:28:37",
"3","257","2019-03-29 14:56:52",
"3","270","2013-03-05 22:34:47",
"3","311","2013-02-22 10:57:08",
"3","324","2017-12-17 15:15:50",
"4","204","2017-05-12 10:49:06",
"4","217","2015-12-18 23:05:53",
"4","258","2011-02-23 18:57:15",
"4","271","2020-12-22 18:13:57",
"4","312","2011-03-14 12:42:16",
"4","325","2011-08-01 01:26:04",
"5","205","2019-09-09 16:03:00",
"5","218","2017-05-20 13:21:53",
"5","259","2011-08-07 20:51:37",
"5","272","2016-10-22 09:16:36",
"5","313","2011-09-11 11:36:59",
"5","326","2018-07-21 16:54:02",
"6","206","2018-07-31 06:47:28",
"6","219","2015-07-09 15:15:29",
"6","260","2015-02-17 16:55:56",
"6","273","2015-01-18 22:48:41",
"6","314","2020-01-27 05:36:13",
"6","327","2016-06-18 13:15:16",
"7","207","2017-04-06 02:40:07",
"7","220","2012-05-15 08:17:53",
"7","261","2019-12-18 06:26:16",
"7","274","2013-02-03 16:01:17",
"7","315","2017-02-13 05:26:25",
"7","328","2017-04-29 20:27:02",
"8","208","2017-01-24 23:34:44",
"8","221","2014-01-23 14:39:12",
"8","262","2013-04-02 12:57:51",
"8","275","2018-05-25 04:46:41",
"8","316","2015-06-23 02:18:16",
"8","329","2011-09-30 11:13:59",
"9","209","2012-02-20 20:13:33",
"9","222","2016-02-26 04:56:44",
"9","263","2018-07-11 02:38:59",
"9","276","2020-01-16 13:58:56",
"9","317","2012-09-16 18:27:15",
"9","330","2018-11-18 18:12:46",
"10","210","2017-10-27 21:28:25",
"10","223","2019-10-16 00:49:25",
"10","264","2020-02-28 09:51:47",
"10","277","2013-01-28 07:33:56",
"10","318","2019-07-05 08:06:19",
"10","331","2014-10-09 20:22:35",
"11","211","2016-08-15 20:51:29",
"11","224","2016-12-27 19:27:25",
"11","265","2011-10-21 10:52:19",
"11","278","2019-01-26 05:06:37",
"11","319","2019-08-15 03:10:11",
"11","332","2017-03-06 21:04:46",
"12","212","2014-02-19 12:28:15",
"12","225","2015-08-03 21:34:36",
"12","266","2013-12-09 06:39:18",
"12","279","2020-09-29 16:21:30",
"12","320","2017-11-24 00:37:21",
"12","333","2018-01-19 21:46:31",
"13","213","2014-03-28 01:20:47",
"13","226","2019-11-22 22:04:33",
"13","267","2014-03-28 02:40:07",
"13","280","2011-06-04 19:07:23",
"13","321","2014-09-26 12:53:25",
"13","334","2017-02-20 08:38:41",
"14","214","2014-06-16 12:08:41",
"14","227","2014-10-21 13:19:11",
"14","268","2017-10-22 12:46:53",
"14","281","2018-03-02 06:08:51",
"14","322","2019-06-12 01:13:35",
"14","335","2014-09-07 17:30:13",
"15","215","2018-02-08 08:10:12",
"15","228","2021-01-06 06:36:19",
"15","269","2017-09-14 12:02:58",
"15","282","2019-05-16 01:37:30",
"15","323","2016-05-29 07:17:45",
"15","336","2017-12-05 16:47:45",
"16","216","2015-11-09 23:48:50",
"16","229","2016-12-03 15:31:47",
"16","270","2019-10-11 14:35:51",
"16","283","2018-03-07 16:01:37",
"16","324","2012-05-18 15:37:34",
"16","337","2012-04-21 23:00:53",
"17","217","2011-05-16 16:53:02",
"17","230","2012-11-21 07:07:32",
"17","271","2018-08-02 05:07:43",
"17","284","2018-07-16 11:23:49",
"17","325","2012-02-03 00:37:38",
"17","338","2012-12-04 14:38:47",
"18","218","2013-05-05 15:53:25",
"18","231","2013-03-22 08:43:34",
"18","272","2016-08-31 23:35:27",
"18","285","2014-12-20 16:27:22",
"18","326","2015-09-08 08:35:54",
"18","339","2015-06-21 13:58:00",
"19","219","2019-03-15 13:36:00",
"19","232","2015-02-01 07:50:11",
"19","273","2011-03-20 16:42:11",
"19","286","2011-02-22 15:33:42",
"19","327","2014-06-08 02:15:45",
"19","340","2012-01-04 00:37:33",
"20","220","2016-05-20 19:30:09",
"20","233","2011-08-24 09:35:03",
"20","274","2018-04-01 17:50:23",
"20","287","2013-12-08 19:54:16",
"20","328","2019-03-14 07:20:50",
"20","341","2017-06-15 06:58:11",
"21","221","2018-03-25 09:53:33",
"21","234","2014-06-06 23:55:34",
"21","275","2013-03-26 01:59:00",
"21","288","2016-03-23 23:40:00",
"21","329","2016-07-02 07:30:58",
"21","342","2011-04-25 18:14:39",
"22","222","2020-06-24 22:47:14",
"22","235","2014-07-08 00:04:12",
"22","276","2013-05-17 09:54:55",
"22","289","2011-07-27 21:38:18",
"22","330","2015-01-09 18:32:42",
"22","343","2019-01-17 16:50:37",
"23","223","2013-01-16 22:55:59",
"23","236","2014-07-18 07:15:36",
"23","277","2020-01-27 21:25:47",
"23","290","2018-11-05 02:38:57",
"23","331","2014-10-10 17:11:59",
"23","344","2018-11-19 20:55:19",
"24","224","2017-12-04 12:30:33",
"24","237","2020-01-03 21:00:22",
"24","278","2016-07-26 14:02:13",
"24","291","2013-12-09 20:43:33",
"24","332","2015-05-02 20:33:39",
"24","345","2012-10-06 04:18:50",
"25","225","2015-03-08 19:18:58",
"25","238","2011-01-23 05:02:21",
"25","279","2019-05-24 12:33:26",
"25","292","2018-11-27 23:15:07",
"25","333","2011-06-21 00:30:22",
"25","346","2018-09-28 10:56:42",
"26","226","2020-12-17 16:34:55",
"26","239","2012-01-29 14:51:49",
"26","280","2016-06-12 23:44:48",
"26","293","2017-04-04 08:49:43",
"26","334","2012-05-23 07:32:54",
"26","347","2017-04-30 03:02:55",
"27","227","2014-05-20 02:05:38",
"27","240","2014-04-06 04:24:20",
"27","281","2014-09-29 21:39:20",
"27","294","2020-02-05 23:42:24",
"27","335","2017-07-26 05:18:39",
"27","348","2018-03-13 12:41:01",
"28","228","2020-03-22 00:27:40",
"28","241","2019-03-17 15:53:46",
"28","282","2019-09-08 10:57:44",
"28","295","2015-11-23 13:59:18",
"28","336","2019-05-29 04:01:40",
"28","349","2012-09-22 23:32:57",
"29","201","2013-09-17 04:04:42",
"29","229","2018-03-30 12:29:46",
"29","242","2011-05-23 20:57:36",
"29","283","2017-04-27 22:00:31",
"29","296","2017-05-31 01:51:29",
"29","337","2016-12-06 00:14:25",
"30","202","2014-05-08 22:30:33",
"30","230","2020-10-05 17:26:19",
"30","243","2018-09-14 05:06:05",
"30","284","2015-04-17 22:37:13",
"30","297","2014-10-19 19:52:34",
"30","338","2018-03-07 13:19:36",
"31","231","2016-03-28 12:17:07",
"31","244","2020-06-07 21:45:53",
"31","285","2017-08-13 06:09:29",
"31","298","2020-11-25 19:03:42",
"31","339","2017-10-10 13:27:14",
"32","232","2019-11-16 21:20:46",
"32","245","2019-07-26 01:43:52",
"32","286","2012-10-15 19:48:20",
"32","299","2016-01-13 22:04:42",
"32","340","2015-04-11 03:31:45",
"33","233","2013-01-28 00:14:33",
"33","246","2015-12-05 19:30:36",
"33","287","2020-05-20 08:31:43",
"33","300","2015-05-06 22:30:20",
"33","341","2020-03-26 06:40:48",
"34","234","2011-08-01 02:36:14",
"34","247","2016-10-01 15:22:42",
"34","288","2017-12-21 15:20:00",
"34","301","2012-04-18 21:36:11",
"34","342","2016-05-22 18:17:32",
"35","235","2021-01-14 07:52:52",
"35","248","2019-01-17 06:20:58",
"35","289","2014-09-16 11:43:28",
"35","302","2012-08-04 03:55:02",
"35","343","2019-05-10 06:25:51",
"36","236","2017-07-05 19:49:55",
"36","249","2012-03-17 18:31:10",
"36","290","2016-07-23 16:56:26",
"36","303","2014-01-07 03:40:23",
"36","344","2012-03-15 14:29:06",
"37","237","2015-03-15 00:37:01",
"37","250","2012-02-05 06:39:51",
"37","291","2016-04-04 14:33:10",
"37","304","2012-09-02 10:34:29",
"37","345","2011-06-15 04:09:59",
"38","238","2011-10-14 18:59:01",
"38","251","2017-01-31 21:02:57",
"38","292","2016-12-12 16:07:28",
"38","305","2018-07-23 15:37:01",
"38","346","2014-03-07 10:38:42",
"39","239","2015-04-14 04:34:41",
"39","252","2012-06-23 11:08:55",
"39","293","2018-11-27 18:04:21",
"39","306","2018-06-17 23:13:11",
"39","347","2011-09-01 14:01:22",
"40","240","2019-02-14 07:02:40",
"40","253","2018-03-10 19:41:12",
"40","294","2014-09-27 04:31:29",
"40","307","2018-12-16 05:34:05",
"40","348","2020-04-06 04:49:43",
"41","241","2011-12-17 10:56:42",
"41","254","2019-05-06 17:03:01",
"41","295","2018-06-29 06:09:16",
"41","308","2017-06-16 20:43:58",
"41","349","2014-02-05 11:30:58",
"42","201","2016-03-31 20:51:16",
"42","242","2019-10-11 21:33:26",
"42","255","2011-12-08 19:56:37",
"42","296","2017-07-19 17:58:07",
"42","309","2019-07-11 04:44:01",
"43","202","2014-03-25 16:27:54",
"43","243","2011-02-07 02:32:50",
"43","256","2018-08-21 07:09:41",
"43","297","2017-02-13 10:27:34",
"43","310","2014-10-02 00:50:19",
"44","203","2015-04-20 21:25:42",
"44","244","2020-09-07 11:53:33",
"44","257","2014-09-11 22:09:48",
"44","298","2012-10-20 00:43:52",
"44","311","2018-04-28 11:54:22",
"45","204","2014-04-28 13:06:59",
"45","245","2011-08-07 00:00:54",
"45","258","2016-12-29 01:14:23",
"45","299","2014-03-11 17:21:55",
"45","312","2013-08-26 02:48:17",
"46","205","2016-10-14 05:02:15",
"46","246","2012-05-15 06:42:47",
"46","259","2019-11-03 18:26:24",
"46","300","2015-04-16 21:13:52",
"46","313","2013-09-05 10:09:19",
"47","206","2012-04-25 18:57:56",
"47","247","2020-04-19 13:16:54",
"47","260","2013-11-02 23:46:32",
"47","301","2011-12-08 22:29:52",
"47","314","2016-09-24 09:05:32",
"48","207","2016-01-16 20:11:31",
"48","248","2020-11-11 23:52:09",
"48","261","2011-12-30 16:20:54",
"48","302","2017-06-25 10:37:53",
"48","315","2016-02-02 17:33:45",
"49","208","2014-12-27 06:24:20",
"49","249","2020-09-08 08:50:25",
"49","262","2020-08-29 13:33:04",
"49","303","2012-11-01 00:11:41",
"49","316","2011-03-01 00:04:16",
"50","209","2019-06-24 23:24:27",
"50","250","2011-06-09 12:47:58",
"50","263","2016-12-27 04:31:32",
"50","304","2019-07-28 03:56:42",
"50","317","2012-06-06 09:46:33",
"51","210","2016-07-25 18:32:54",
"51","251","2012-05-02 01:01:03",
"51","264","2011-08-10 10:39:34",
"51","305","2020-06-03 01:49:22",
"51","318","2018-05-10 02:39:51",
"52","211","2015-04-05 01:48:18",
"52","252","2014-03-27 23:43:02",
"52","265","2011-11-03 19:48:20",
"52","306","2015-05-11 13:14:27",
"52","319","2012-05-16 23:34:27",
"53","212","2016-06-12 23:21:34",
"53","253","2015-04-03 00:48:17",
"53","266","2015-02-11 15:05:48",
"53","307","2018-04-25 13:25:54",
"53","320","2014-02-11 09:06:07",
"54","213","2012-07-09 16:43:48",
"54","254","2020-07-15 12:29:35",
"54","267","2020-11-28 13:20:24",
"54","308","2015-10-12 09:08:36",
"54","321","2015-02-27 19:48:07",
