"201","201","1","2014-04-26 02:29:16","2015-09-10 21:18:42","2012-03-13 08:42:16","2013-11-16 20:30:00",
"202","202","1","2020-06-01 10:22:27","2017-04-30 07:13:00","2013-09-03 23:07:30","2020-06-07 07:21:21",
"203","203","2","2018-02-09 18:22:03","2015-02-12 00:19:44","2012-03-18 06:52:01","2016-10-31 13:44:50",
"204","204","3","2015-12-31 20:32:23","2017-09-14 15:12:11","2014-12-05 14:29:57","2016-08-13 01:02:17",
"205","205","7","2020-03-22 02:14:01","2019-06-11 05:48:37","2017-10-05 15:48:24","2018-08-08 08:33:06",
"207","207","2","2019-02-24 06:59:45","2019-05-30 05:57:16","2018-11-23 21:05:47","2020-12-11 23:24:37",
"208","208","3","2012-06-16 23:07:44","2019-11-05 00:08:01","2014-05-13 18:30:45","2019-11-22 06:14:25",
"209","209","3","2018-10-25 22:47:14","2011-10-28 20:16:11","2012-03-03 00:05:26","2013-08-02 20:22:32",
"210","210","8","2011-12-01 01:59:18","2014-06-01 00:11:03","2015-06-17 19:57:29","2017-09-16 18:17:34",
"211","211","1","2019-09-07 06:34:49","2018-04-18 05:20:58","2012-12-20 13:42:50","2019-05-27 19:38:39",
"212","212","2","2014-04-11 18:04:08","2015-12-18 11:41:21","2013-02-02 09:30:25","2017-11-01 04:02:31",
"213","213","2","2011-09-06 18:40:33","2017-09-07 08:50:14","2011-03-25 12:01:16","2013-07-20 16:13:40",
"214","214","7","2021-01-09 12:45:50","2014-11-27 20:16:54","2012-05-02 08:46:57","2020-03-18 08:57:45",
"215","215","8","2018-10-23 12:00:04","2016-06-16 06:42:08","2015-01-18 04:13:19","2016-02-23 09:17:25",
"216","216","1","2017-07-10 16:33:17","2015-01-24 06:16:54","2017-07-27 23:28:40","2018-09-02 23:49:02",
"217","217","2","2013-07-06 10:03:13","2015-08-04 15:32:37","2015-09-18 03:25:26","2019-01-15 19:16:28",
"218","218","3","2014-10-28 08:01:25","2011-03-26 08:43:20","2014-06-01 19:10:22","2016-07-03 15:24:35",
"219","219","3","2020-06-11 19:54:51","2017-01-04 00:54:10","2011-10-18 22:02:58","2014-11-16 05:15:48",
"220","220","8","2014-09-28 14:53:59","2020-08-24 13:46:06","2011-05-17 07:19:49","2017-12-21 05:21:42",
"221","221","1","2013-12-17 21:02:01","2015-05-28 02:24:39","2011-06-13 12:36:29","2020-05-09 16:01:33",
"222","222","2","2017-06-18 11:48:15","2012-04-09 02:33:18","2012-10-24 00:40:33","2019-09-15 04:23:09",
"223","223","2","2013-03-23 20:25:02","2017-03-03 03:44:16","2014-04-24 18:18:28","2017-02-12 22:21:26",
"224","224","7","2015-11-28 09:21:13","2015-01-16 18:15:06","2017-03-17 12:09:17","2019-05-20 14:52:31",
"227","227","2","2019-11-19 10:53:21","2020-03-31 20:54:55","2014-07-15 03:23:32","2015-08-10 17:41:41",
"229","229","7","2016-06-20 14:41:50","2012-10-18 09:13:20","2016-09-26 08:00:33","2020-06-24 22:11:52",
"230","230","8","2011-12-12 04:41:05","2012-03-26 17:12:23","2017-01-13 16:56:27","2019-05-16 06:01:05",
"231","231","8","2011-02-25 17:53:52","2020-10-30 23:21:33","2011-10-21 14:13:19","2014-05-08 11:25:25",
"232","232","1","2015-02-28 22:09:42","2012-08-24 12:47:51","2013-07-31 01:06:00","2016-02-05 12:05:34",
"234","234","7","2013-06-02 23:41:00","2016-09-02 07:18:23","2014-04-12 17:24:23","2021-01-08 18:25:23",
"235","235","8","2020-02-10 17:22:50","2015-11-07 04:10:34","2011-07-18 22:52:22","2013-03-23 10:39:06",
"238","238","2","2020-06-16 17:12:12","2013-09-15 10:11:55","2016-07-19 07:50:25","2019-12-31 00:32:43",
"241","241","1","2018-09-19 16:36:36","2019-10-05 14:28:51","2014-03-24 08:00:19","2017-02-10 06:11:59",
"242","242","1","2019-08-03 01:49:02","2014-01-18 15:51:01","2012-01-09 14:16:14","2015-06-02 22:30:21",
"244","244","7","2016-12-31 05:26:14","2013-11-03 12:37:54","2018-04-08 11:14:08","2020-01-10 21:33:58",
"245","245","8","2012-02-12 01:12:04","2014-05-19 11:11:25","2011-07-04 07:02:48","2016-11-27 04:14:39",
"246","246","8","2011-11-16 08:18:33","2013-05-22 06:35:29","2017-09-16 16:20:10","2020-08-03 23:39:43",
"249","249","7","2019-09-28 05:50:30","2014-01-15 02:51:37","2017-08-16 03:42:42","2019-04-11 16:45:14",
"251","251","1","2018-01-19 00:54:59","2011-05-15 00:55:26","2014-03-02 10:57:03","2016-11-15 20:12:16",
"253","253","3","2020-11-09 14:02:44","2015-04-01 12:31:40","2012-12-11 10:22:18","2020-01-18 00:18:45",
"254","254","7","2017-02-20 01:00:14","2018-01-08 11:20:13","2013-08-07 07:52:37","2019-12-19 17:18:42",
"258","258","3","2017-10-18 23:41:31","2017-04-08 13:29:35","2015-05-14 01:12:15","2017-09-18 07:10:00",
"259","259","7","2012-10-07 18:29:02","2014-10-12 13:25:46","2016-11-15 17:12:29","2020-08-12 16:25:17",
"261","261","1","2014-04-30 23:39:53","2018-10-10 17:36:09","2012-07-29 01:05:24","2018-02-14 10:25:15",
"262","262","2","2012-02-27 01:37:44","2014-07-30 11:22:47","2016-06-27 18:10:15","2017-08-18 23:22:09",
"267","267","2","2018-08-07 22:50:03","2011-08-17 11:24:02","2014-01-12 05:29:53","2015-10-01 10:14:56",
"273","273","3","2011-03-27 03:53:12","2015-06-18 07:12:41","2011-06-20 00:55:21","2015-02-25 21:56:43",
"274","274","7","2019-12-29 01:38:56","2019-12-20 10:32:40","2018-08-14 04:04:28","2018-10-29 16:19:39",
"276","276","1","2017-04-06 02:43:48","2013-01-28 10:21:00","2013-07-12 09:20:44","2021-01-03 22:55:50",
"277","277","2","2020-11-22 14:52:06","2011-10-27 21:00:36","2016-09-03 19:53:18","2019-10-18 16:31:35",
"279","279","7","2018-06-23 20:02:53","2017-05-23 07:38:20","2017-09-17 01:29:00","2020-08-18 18:34:30",
"280","280","8","2012-02-04 10:26:08","2014-05-16 10:08:18","2014-05-12 06:30:49","2020-11-26 06:23:57",
"282","282","2","2014-10-01 12:19:53","2014-10-11 05:06:37","2014-09-26 19:20:57","2017-08-26 06:02:49",
"283","283","3","2017-06-08 06:05:04","2013-05-20 06:51:34","2016-06-30 15:20:27","2017-10-25 22:32:56",
"284","284","7","2014-05-26 04:17:17","2016-12-22 23:28:58","2012-06-15 04:08:56","2016-05-25 23:53:05",
"285","285","8","2015-11-17 00:09:09","2017-12-24 16:57:57","2015-12-22 18:18:46","2019-10-24 21:50:40",
"286","286","1","2019-02-16 06:53:26","2013-09-07 19:04:44","2015-05-09 09:33:40","2015-06-21 02:43:32",
"287","287","2","2018-10-24 14:30:52","2020-03-06 13:35:33","2013-10-21 20:45:25","2015-06-15 10:32:17",
"288","288","3","2017-01-05 00:11:31","2015-07-28 04:31:27","2012-10-02 13:12:48","2018-09-17 04:36:42",
"289","289","7","2019-03-06 04:19:29","2017-05-17 12:53:37","2016-08-12 13:29:34","2018-05-04 19:15:03",
"291","291","1","2017-08-15 12:23:11","2019-03-04 23:20:03","2013-09-13 13:30:06","2016-02-01 05:22:57",
"292","292","2","2014-12-22 09:43:37","2020-11-27 03:16:55","2013-10-14 18:27:11","2017-10-03 03:07:00",
"293","293","3","2018-11-01 18:34:07","2014-04-21 11:43:42","2013-07-02 11:59:27","2015-04-15 15:10:51",
"294","294","7","2017-12-12 19:11:29","2011-02-05 14:49:30","2014-07-23 00:58:47","2020-07-10 10:38:01",
"297","297","2","2020-10-20 21:25:52","2017-04-20 00:58:09","2016-10-01 04:42:43","2020-11-21 12:47:47",
"298","298","3","2020-02-28 14:48:12","2011-06-21 02:02:42","2015-07-17 02:36:31","2015-07-22 20:47:18",
"302","302","2","2012-04-26 13:14:16","2019-02-18 02:58:14","2013-07-02 15:44:02","2019-02-10 04:30:23",
"303","303","3","2016-03-30 00:27:43","2019-10-28 18:37:25","2019-04-05 07:09:06","2020-07-19 23:57:52",
"304","304","7","2019-03-22 01:47:29","2019-10-26 15:51:02","2019-05-20 18:10:01","2020-10-15 14:18:15",
"305","305","8","2019-01-10 03:39:05","2016-10-10 22:54:38","2011-03-08 06:49:22","2015-03-25 22:58:21",
"306","306","1","2015-03-05 19:30:40","2020-01-18 14:32:33","2014-05-04 16:25:32","2020-10-13 20:13:14",
"308","308","3","2018-03-08 10:28:42","2017-05-24 23:52:41","2015-09-05 03:20:43","2018-07-14 18:03:01",
"309","309","7","2011-05-14 18:19:03","2019-12-03 12:47:47","2018-10-05 19:31:08","2019-02-13 01:52:55",
"311","311","1","2015-06-23 00:03:43","2018-07-20 14:10:28","2014-01-28 11:35:40","2014-10-09 10:00:50",
"313","313","3","2016-04-07 02:06:38","2016-07-23 01:38:03","2012-10-09 19:13:19","2019-11-16 06:53:41",
"314","314","7","2013-12-24 12:15:28","2014-04-28 10:28:24","2014-08-19 01:46:46","2018-02-23 04:09:54",
"316","316","1","2019-06-14 12:43:49","2018-04-20 00:03:53","2012-06-26 13:18:09","2017-07-05 06:54:40",
"318","318","3","2014-07-28 06:58:16","2016-09-17 20:27:34","2011-03-05 20:18:33","2014-03-04 20:36:23",
"320","320","8","2016-07-09 15:52:58","2019-11-08 08:02:44","2011-07-20 17:35:53","2013-05-17 19:36:52",
"324","324","7","2014-04-30 09:00:58","2012-05-29 06:36:24","2012-02-06 14:56:21","2016-10-08 05:04:17",
"332","332","2","2015-11-12 02:04:10","2013-10-25 17:41:05","2016-04-07 08:32:41","2020-02-23 17:35:37",
"334","334","7","2012-01-12 01:05:53","2014-02-03 17:15:28","2011-03-10 08:20:25","2017-05-17 12:41:49",
"336","336","1","2018-02-11 03:08:21","2019-04-04 19:54:45","2014-05-11 17:45:07","2016-05-29 08:04:07",
"338","338","3","2020-06-11 07:12:59","2017-10-22 19:38:14","2015-01-17 04:49:28","2019-07-03 08:57:58",
"339","339","7","2017-06-29 16:49:36","2014-10-22 09:11:12","2015-07-24 16:01:21","2017-02-25 04:31:37",
"344","344","7","2013-09-17 23:16:26","2018-07-27 00:46:15","2011-09-13 22:54:21","2020-09-02 14:32:11",
"346","346","1","2016-08-15 11:57:56","2015-10-12 14:14:23","2013-08-28 20:40:59","2017-04-05 23:18:21",
"347","347","2","2011-06-04 13:09:26","2013-04-22 14:53:39","2011-05-27 06:17:04","2011-11-15 15:05:16",
