"1","voluptas","2017-07-21 20:28:48","2019-08-04 16:43:25",
"2","est","2017-06-10 04:14:04","2018-12-15 14:47:56",
"3","velit","2017-06-16 10:49:25","2018-05-27 07:34:13",
"4","delectus","2018-01-27 07:13:02","2018-04-30 18:27:21",
"5","cupiditate","2012-12-17 21:23:27","2016-03-03 11:22:13",
"6","error","2016-05-31 10:00:00","2018-10-17 01:37:20",
"7","eaque","2018-05-15 21:29:16","2020-09-03 19:25:26",
"8","iusto","2017-02-18 05:28:24","2018-02-04 22:40:43",
"9","qui","2012-04-10 13:44:50","2014-02-12 21:42:07",
"10","commodi","2011-10-06 04:41:31","2021-01-02 03:13:10",
"11","voluptate","2013-06-01 08:13:52","2016-02-02 03:09:28",
"12","quidem","2013-03-14 09:03:37","2015-11-23 11:09:51",
"13","et","2012-03-06 11:33:42","2014-01-01 04:01:10",
"14","tempore","2019-04-04 14:31:33","2020-04-28 21:17:02",
"15","dicta","2018-10-11 20:21:10","2020-02-19 06:45:04",
"16","in","2017-04-29 18:00:51","2018-04-05 10:35:14",
"17","illum","2011-02-11 09:54:04","2013-06-30 12:50:25",
"18","nostrum","2011-09-05 02:48:37","2014-02-20 14:59:06",
"19","non","2015-11-03 13:50:13","2016-07-17 10:49:19",
"20","nesciunt","2017-05-31 20:18:44","2020-12-20 06:04:49",
