"101","hic","1","1","2018-10-19 15:58:06","2019-01-25 18:38:22",
"102","odio","2","2","2012-04-28 15:10:23","2019-02-03 20:52:57",
"103","optio","3","3","2012-10-07 16:38:59","2014-09-25 14:13:25",
"104","et","1","4","2017-08-10 21:32:51","2018-02-27 12:54:32",
"105","impedit","2","5","2011-02-06 02:13:52","2018-11-19 00:35:26",
"106","aut","1","7","2011-04-20 13:02:56","2012-04-07 00:16:46",
"107","animi","2","8","2013-11-16 02:25:50","2017-09-03 12:56:49",
"108","similique","3","9","2012-05-13 00:57:10","2019-05-05 01:36:58",
"109","eos","3","15","2015-09-16 16:31:29","2016-08-05 23:22:26",
"110","dignissimos","3","18","2012-02-09 20:32:10","2015-12-14 22:08:29",
"111","unde","2","20","2014-02-15 03:19:23","2014-05-11 04:28:03",
"112","nulla","3","1","2014-01-01 03:01:51","2014-05-24 13:54:48",
"113","id","1","2","2012-03-14 09:40:29","2019-10-20 16:47:58",
"114","quasi","3","4","2012-01-28 06:17:38","2015-04-07 06:44:56",
"115","voluptas","1","5","2011-05-29 06:28:22","2012-01-27 06:54:13",
"116","quia","2","6","2012-04-24 16:19:05","2013-07-03 15:05:46",
"117","odit","2","9","2013-08-21 22:31:43","2014-05-15 11:09:02",
"118","vel","1","11","2011-03-19 09:09:28","2013-04-16 15:42:55",
"119","error","2","12","2014-07-30 13:48:37","2015-06-15 23:18:24",
"120","autem","1","14","2011-05-10 09:07:57","2020-08-07 12:21:12",
"121","a","3","16","2012-07-13 15:38:06","2014-02-05 22:22:29",
"122","architecto","2","18","2013-11-29 01:11:20","2020-12-30 04:23:33",
"123","quas","3","19","2012-09-13 02:18:31","2013-02-25 06:52:14",
"124","nostrum","1","20","2014-05-04 11:56:00","2020-01-27 20:12:05",
"125","sint","2","1","2013-10-08 07:39:03","2019-02-28 05:05:53",
"126","accusantium","1","3","2011-08-13 23:38:57","2014-12-11 00:09:54",
"127","consequatur","3","5","2014-08-02 06:44:17","2016-08-10 02:14:37",
"128","iusto","3","8","2015-10-24 09:25:42","2016-12-08 09:12:35",
"129","repudiandae","2","10","2013-08-10 00:45:04","2019-03-22 17:48:47",
"130","debitis","3","11","2011-06-30 19:39:17","2014-12-11 05:05:12",
"131","laboriosam","1","12","2012-08-25 10:49:04","2016-03-08 11:30:04",
"132","magni","2","16","2017-03-06 09:11:25","2019-08-18 12:52:48",
"133","maiores","3","17","2017-10-15 04:51:11","2020-10-06 09:34:53",
"134","tempore","1","18","2014-04-08 05:23:59","2014-08-13 13:44:16",
"135","cum","3","20","2012-02-13 19:18:25","2012-10-06 16:22:03",
"136","esse","1","1","2011-03-26 18:35:49","2020-08-02 05:54:49",
"137","doloremque","2","2","2012-07-10 05:31:37","2014-10-04 15:18:31",
"138","omnis","1","4","2013-08-28 01:58:01","2019-05-13 17:59:16",
"139","quidem","2","5","2012-04-18 15:23:28","2014-04-28 16:47:56",
"140","earum","1","7","2018-12-08 07:18:44","2020-06-19 16:40:46",
"141","magnam","2","8","2011-04-05 18:04:46","2020-05-18 06:51:09",
"142","deleniti","3","9","2016-08-24 02:41:23","2018-03-22 16:27:35",
"143","cupiditate","1","10","2013-05-22 03:39:41","2018-05-10 14:31:26",
"144","minima","2","11","2011-10-21 01:12:50","2020-08-12 23:08:13",
"145","at","3","12","2013-07-11 09:02:20","2017-05-25 01:25:15",
"146","ut","2","14","2018-09-19 06:12:11","2019-04-16 11:56:42",
"147","fugiat","3","15","2012-07-02 18:51:38","2020-04-05 06:18:23",
"148","illum","3","1","2014-08-23 17:12:04","2019-08-13 13:27:01",
"149","dicta","1","2","2016-06-24 10:06:22","2017-09-25 02:48:29",
"150","assumenda","2","3","2013-10-06 16:56:38","2015-05-12 10:22:05",
"151","ducimus","3","4","2016-10-02 07:12:21","2019-05-18 19:15:05",
"152","beatae","2","6","2015-11-25 07:32:02","2017-05-29 17:40:22",
"153","nesciunt","3","10","2015-12-30 20:09:08","2016-06-07 14:29:45",
"154","commodi","1","11","2012-01-17 15:04:12","2014-06-03 17:20:13",
"155","ipsum","1","14","2015-08-20 17:48:55","2018-08-11 04:53:03",
"156","rem","2","15","2018-09-11 14:18:50","2019-11-10 00:38:50",
"157","delectus","3","16","2015-04-29 19:07:45","2018-11-08 18:50:34",
"158","expedita","1","17","2011-12-09 14:46:45","2018-10-27 07:03:54",
"159","aliquam","2","18","2019-06-14 03:58:07","2020-05-24 08:47:38",
"160","quibusdam","3","19","2015-02-18 10:08:52","2017-03-31 18:49:48",
