"id","name","created_at","updated_at"
1,"""repudiandae""","0000-00-00 00:00:00","0000-00-00 00:00:00"
2,"""alias""","0000-00-00 00:00:00","0000-00-00 00:00:00"
3,"""eos""","0000-00-00 00:00:00","0000-00-00 00:00:00"
4,"""est""","0000-00-00 00:00:00","0000-00-00 00:00:00"
5,"""ab""","0000-00-00 00:00:00","0000-00-00 00:00:00"
6,"""et""","0000-00-00 00:00:00","0000-00-00 00:00:00"
7,"""enim""","0000-00-00 00:00:00","0000-00-00 00:00:00"
8,"""rem""","0000-00-00 00:00:00","0000-00-00 00:00:00"
9,"""cum""","0000-00-00 00:00:00","0000-00-00 00:00:00"
10,"""saepe""","0000-00-00 00:00:00","0000-00-00 00:00:00"
11,"""facilis""","0000-00-00 00:00:00","0000-00-00 00:00:00"
12,"""doloremque""","0000-00-00 00:00:00","0000-00-00 00:00:00"
13,"""eaque""","0000-00-00 00:00:00","0000-00-00 00:00:00"
14,"""recusandae""","0000-00-00 00:00:00","0000-00-00 00:00:00"
15,"""pariatur""","0000-00-00 00:00:00","0000-00-00 00:00:00"
16,"""perferendis""","0000-00-00 00:00:00","0000-00-00 00:00:00"
17,"""iure""","0000-00-00 00:00:00","0000-00-00 00:00:00"
18,"""harum""","0000-00-00 00:00:00","0000-00-00 00:00:00"
19,"""sunt""","0000-00-00 00:00:00","0000-00-00 00:00:00"
20,"""hic""","0000-00-00 00:00:00","0000-00-00 00:00:00"
21,"""provident""","0000-00-00 00:00:00","0000-00-00 00:00:00"
22,"""veritatis""","0000-00-00 00:00:00","0000-00-00 00:00:00"
23,"""laboriosam""","0000-00-00 00:00:00","0000-00-00 00:00:00"
24,"""temporibus""","0000-00-00 00:00:00","0000-00-00 00:00:00"
25,"""magnam""","0000-00-00 00:00:00","0000-00-00 00:00:00"
26,"""quidem""","0000-00-00 00:00:00","0000-00-00 00:00:00"
27,"""velit""","0000-00-00 00:00:00","0000-00-00 00:00:00"
28,"""ut""","0000-00-00 00:00:00","0000-00-00 00:00:00"
29,"""ullam""","0000-00-00 00:00:00","0000-00-00 00:00:00"
30,"""ipsam""","0000-00-00 00:00:00","0000-00-00 00:00:00"
31,"""fugit""","0000-00-00 00:00:00","0000-00-00 00:00:00"
32,"""tempore""","0000-00-00 00:00:00","0000-00-00 00:00:00"
33,"""earum""","0000-00-00 00:00:00","0000-00-00 00:00:00"
34,"""qui""","0000-00-00 00:00:00","0000-00-00 00:00:00"
35,"""placeat""","0000-00-00 00:00:00","0000-00-00 00:00:00"
36,"""maxime""","0000-00-00 00:00:00","0000-00-00 00:00:00"
37,"""aperiam""","0000-00-00 00:00:00","0000-00-00 00:00:00"
38,"""aliquam""","0000-00-00 00:00:00","0000-00-00 00:00:00"
39,"""nobis""","0000-00-00 00:00:00","0000-00-00 00:00:00"
