"id_media","from_user_id","created_at"
3,207,"0000-00-00 00:00:00"
5,317,"0000-00-00 00:00:00"
9,154,"0000-00-00 00:00:00"
9,224,"0000-00-00 00:00:00"
19,253,"0000-00-00 00:00:00"
22,191,"0000-00-00 00:00:00"
27,195,"0000-00-00 00:00:00"
36,218,"0000-00-00 00:00:00"
36,404,"0000-00-00 00:00:00"
39,283,"0000-00-00 00:00:00"
44,357,"0000-00-00 00:00:00"
45,128,"0000-00-00 00:00:00"
46,378,"0000-00-00 00:00:00"
47,291,"0000-00-00 00:00:00"
56,321,"0000-00-00 00:00:00"
59,327,"0000-00-00 00:00:00"
60,268,"0000-00-00 00:00:00"
63,360,"0000-00-00 00:00:00"
65,185,"0000-00-00 00:00:00"
68,250,"0000-00-00 00:00:00"
69,290,"0000-00-00 00:00:00"
70,297,"0000-00-00 00:00:00"
72,211,"0000-00-00 00:00:00"
74,165,"0000-00-00 00:00:00"
75,191,"0000-00-00 00:00:00"
84,56,"0000-00-00 00:00:00"
86,113,"0000-00-00 00:00:00"
91,399,"0000-00-00 00:00:00"
95,35,"0000-00-00 00:00:00"
113,194,"0000-00-00 00:00:00"
140,55,"0000-00-00 00:00:00"
143,97,"0000-00-00 00:00:00"
154,324,"0000-00-00 00:00:00"
176,111,"0000-00-00 00:00:00"
176,396,"0000-00-00 00:00:00"
183,26,"0000-00-00 00:00:00"
185,158,"0000-00-00 00:00:00"
189,309,"0000-00-00 00:00:00"
190,259,"0000-00-00 00:00:00"
202,368,"0000-00-00 00:00:00"
218,254,"0000-00-00 00:00:00"
222,167,"0000-00-00 00:00:00"
226,72,"0000-00-00 00:00:00"
230,263,"0000-00-00 00:00:00"
231,293,"0000-00-00 00:00:00"
248,65,"0000-00-00 00:00:00"
248,270,"0000-00-00 00:00:00"
252,325,"0000-00-00 00:00:00"
262,216,"0000-00-00 00:00:00"
265,107,"0000-00-00 00:00:00"
267,292,"0000-00-00 00:00:00"
288,331,"0000-00-00 00:00:00"
290,375,"0000-00-00 00:00:00"
294,72,"0000-00-00 00:00:00"
303,44,"0000-00-00 00:00:00"
304,7,"0000-00-00 00:00:00"
312,308,"0000-00-00 00:00:00"
314,306,"0000-00-00 00:00:00"
315,198,"0000-00-00 00:00:00"
317,76,"0000-00-00 00:00:00"
319,189,"0000-00-00 00:00:00"
324,314,"0000-00-00 00:00:00"
326,192,"0000-00-00 00:00:00"
329,21,"0000-00-00 00:00:00"
336,336,"0000-00-00 00:00:00"
339,1,"0000-00-00 00:00:00"
339,211,"0000-00-00 00:00:00"
342,242,"0000-00-00 00:00:00"
357,174,"0000-00-00 00:00:00"
359,145,"0000-00-00 00:00:00"
376,204,"0000-00-00 00:00:00"
392,181,"0000-00-00 00:00:00"
392,291,"0000-00-00 00:00:00"
403,102,"0000-00-00 00:00:00"
406,43,"0000-00-00 00:00:00"
411,313,"0000-00-00 00:00:00"
412,223,"0000-00-00 00:00:00"
417,175,"0000-00-00 00:00:00"
424,210,"0000-00-00 00:00:00"
425,117,"0000-00-00 00:00:00"
426,361,"0000-00-00 00:00:00"
430,241,"0000-00-00 00:00:00"
436,122,"0000-00-00 00:00:00"
440,294,"0000-00-00 00:00:00"
441,294,"0000-00-00 00:00:00"
447,183,"0000-00-00 00:00:00"
460,32,"0000-00-00 00:00:00"
471,19,"0000-00-00 00:00:00"
478,404,"0000-00-00 00:00:00"
480,342,"0000-00-00 00:00:00"
481,95,"0000-00-00 00:00:00"
486,261,"0000-00-00 00:00:00"
487,208,"0000-00-00 00:00:00"
492,259,"0000-00-00 00:00:00"
509,267,"0000-00-00 00:00:00"
511,151,"0000-00-00 00:00:00"
516,361,"0000-00-00 00:00:00"
517,139,"0000-00-00 00:00:00"
518,17,"0000-00-00 00:00:00"
522,74,"0000-00-00 00:00:00"
523,319,"0000-00-00 00:00:00"
