"post_id","from_user_id","created_at"
0,0,"0000-00-00 00:00:00"
301,201,"0000-00-00 00:00:00"
301,338,"0000-00-00 00:00:00"
301,344,"0000-00-00 00:00:00"
302,202,"0000-00-00 00:00:00"
302,339,"0000-00-00 00:00:00"
302,345,"0000-00-00 00:00:00"
303,203,"0000-00-00 00:00:00"
303,340,"0000-00-00 00:00:00"
303,346,"0000-00-00 00:00:00"
304,204,"0000-00-00 00:00:00"
304,341,"0000-00-00 00:00:00"
304,347,"0000-00-00 00:00:00"
305,205,"0000-00-00 00:00:00"
305,342,"0000-00-00 00:00:00"
305,348,"0000-00-00 00:00:00"
306,206,"0000-00-00 00:00:00"
306,343,"0000-00-00 00:00:00"
306,349,"0000-00-00 00:00:00"
307,201,"0000-00-00 00:00:00"
307,207,"0000-00-00 00:00:00"
307,344,"0000-00-00 00:00:00"
308,202,"0000-00-00 00:00:00"
308,208,"0000-00-00 00:00:00"
308,345,"0000-00-00 00:00:00"
309,203,"0000-00-00 00:00:00"
309,209,"0000-00-00 00:00:00"
309,346,"0000-00-00 00:00:00"
310,204,"0000-00-00 00:00:00"
310,210,"0000-00-00 00:00:00"
310,347,"0000-00-00 00:00:00"
311,205,"0000-00-00 00:00:00"
311,211,"0000-00-00 00:00:00"
311,348,"0000-00-00 00:00:00"
312,206,"0000-00-00 00:00:00"
312,212,"0000-00-00 00:00:00"
312,349,"0000-00-00 00:00:00"
313,201,"0000-00-00 00:00:00"
313,207,"0000-00-00 00:00:00"
313,213,"0000-00-00 00:00:00"
314,202,"0000-00-00 00:00:00"
314,208,"0000-00-00 00:00:00"
314,214,"0000-00-00 00:00:00"
315,209,"0000-00-00 00:00:00"
315,215,"0000-00-00 00:00:00"
316,210,"0000-00-00 00:00:00"
316,216,"0000-00-00 00:00:00"
317,211,"0000-00-00 00:00:00"
317,217,"0000-00-00 00:00:00"
318,212,"0000-00-00 00:00:00"
318,218,"0000-00-00 00:00:00"
319,213,"0000-00-00 00:00:00"
319,219,"0000-00-00 00:00:00"
320,214,"0000-00-00 00:00:00"
320,220,"0000-00-00 00:00:00"
321,215,"0000-00-00 00:00:00"
321,221,"0000-00-00 00:00:00"
322,216,"0000-00-00 00:00:00"
322,222,"0000-00-00 00:00:00"
323,217,"0000-00-00 00:00:00"
323,223,"0000-00-00 00:00:00"
324,218,"0000-00-00 00:00:00"
324,224,"0000-00-00 00:00:00"
325,219,"0000-00-00 00:00:00"
325,225,"0000-00-00 00:00:00"
326,220,"0000-00-00 00:00:00"
326,226,"0000-00-00 00:00:00"
327,221,"0000-00-00 00:00:00"
327,227,"0000-00-00 00:00:00"
328,222,"0000-00-00 00:00:00"
328,228,"0000-00-00 00:00:00"
329,223,"0000-00-00 00:00:00"
329,229,"0000-00-00 00:00:00"
330,224,"0000-00-00 00:00:00"
330,230,"0000-00-00 00:00:00"
331,225,"0000-00-00 00:00:00"
331,231,"0000-00-00 00:00:00"
332,226,"0000-00-00 00:00:00"
332,232,"0000-00-00 00:00:00"
333,227,"0000-00-00 00:00:00"
333,233,"0000-00-00 00:00:00"
334,228,"0000-00-00 00:00:00"
334,234,"0000-00-00 00:00:00"
335,229,"0000-00-00 00:00:00"
335,235,"0000-00-00 00:00:00"
336,230,"0000-00-00 00:00:00"
336,236,"0000-00-00 00:00:00"
337,231,"0000-00-00 00:00:00"
337,237,"0000-00-00 00:00:00"
338,232,"0000-00-00 00:00:00"
338,238,"0000-00-00 00:00:00"
339,233,"0000-00-00 00:00:00"
339,239,"0000-00-00 00:00:00"
340,234,"0000-00-00 00:00:00"
340,240,"0000-00-00 00:00:00"
341,235,"0000-00-00 00:00:00"
341,241,"0000-00-00 00:00:00"
342,236,"0000-00-00 00:00:00"
342,242,"0000-00-00 00:00:00"
343,237,"0000-00-00 00:00:00"
343,243,"0000-00-00 00:00:00"
344,238,"0000-00-00 00:00:00"
344,244,"0000-00-00 00:00:00"
345,239,"0000-00-00 00:00:00"
345,245,"0000-00-00 00:00:00"
346,240,"0000-00-00 00:00:00"
346,246,"0000-00-00 00:00:00"
347,241,"0000-00-00 00:00:00"
347,247,"0000-00-00 00:00:00"
348,242,"0000-00-00 00:00:00"
348,248,"0000-00-00 00:00:00"
349,243,"0000-00-00 00:00:00"
349,249,"0000-00-00 00:00:00"
350,244,"0000-00-00 00:00:00"
350,250,"0000-00-00 00:00:00"
351,245,"0000-00-00 00:00:00"
351,251,"0000-00-00 00:00:00"
352,246,"0000-00-00 00:00:00"
352,252,"0000-00-00 00:00:00"
353,247,"0000-00-00 00:00:00"
353,253,"0000-00-00 00:00:00"
354,248,"0000-00-00 00:00:00"
354,254,"0000-00-00 00:00:00"
355,249,"0000-00-00 00:00:00"
355,255,"0000-00-00 00:00:00"
356,250,"0000-00-00 00:00:00"
356,256,"0000-00-00 00:00:00"
357,251,"0000-00-00 00:00:00"
357,257,"0000-00-00 00:00:00"
358,252,"0000-00-00 00:00:00"
358,258,"0000-00-00 00:00:00"
359,253,"0000-00-00 00:00:00"
359,259,"0000-00-00 00:00:00"
360,254,"0000-00-00 00:00:00"
360,260,"0000-00-00 00:00:00"
361,255,"0000-00-00 00:00:00"
361,261,"0000-00-00 00:00:00"
362,256,"0000-00-00 00:00:00"
362,262,"0000-00-00 00:00:00"
363,257,"0000-00-00 00:00:00"
363,263,"0000-00-00 00:00:00"
364,258,"0000-00-00 00:00:00"
364,264,"0000-00-00 00:00:00"
365,259,"0000-00-00 00:00:00"
365,265,"0000-00-00 00:00:00"
366,260,"0000-00-00 00:00:00"
366,266,"0000-00-00 00:00:00"
367,261,"0000-00-00 00:00:00"
367,267,"0000-00-00 00:00:00"
368,262,"0000-00-00 00:00:00"
368,268,"0000-00-00 00:00:00"
369,263,"0000-00-00 00:00:00"
369,269,"0000-00-00 00:00:00"
370,264,"0000-00-00 00:00:00"
370,270,"0000-00-00 00:00:00"
371,265,"0000-00-00 00:00:00"
371,271,"0000-00-00 00:00:00"
372,266,"0000-00-00 00:00:00"
372,272,"0000-00-00 00:00:00"
373,267,"0000-00-00 00:00:00"
373,273,"0000-00-00 00:00:00"
374,268,"0000-00-00 00:00:00"
374,274,"0000-00-00 00:00:00"
375,269,"0000-00-00 00:00:00"
375,275,"0000-00-00 00:00:00"
376,270,"0000-00-00 00:00:00"
376,276,"0000-00-00 00:00:00"
377,271,"0000-00-00 00:00:00"
377,277,"0000-00-00 00:00:00"
378,272,"0000-00-00 00:00:00"
378,278,"0000-00-00 00:00:00"
379,273,"0000-00-00 00:00:00"
379,279,"0000-00-00 00:00:00"
380,274,"0000-00-00 00:00:00"
380,280,"0000-00-00 00:00:00"
381,275,"0000-00-00 00:00:00"
381,281,"0000-00-00 00:00:00"
382,276,"0000-00-00 00:00:00"
382,282,"0000-00-00 00:00:00"
383,277,"0000-00-00 00:00:00"
383,283,"0000-00-00 00:00:00"
384,278,"0000-00-00 00:00:00"
384,284,"0000-00-00 00:00:00"
385,279,"0000-00-00 00:00:00"
385,285,"0000-00-00 00:00:00"
386,280,"0000-00-00 00:00:00"
386,286,"0000-00-00 00:00:00"
387,281,"0000-00-00 00:00:00"
387,287,"0000-00-00 00:00:00"
388,282,"0000-00-00 00:00:00"
388,288,"0000-00-00 00:00:00"
389,283,"0000-00-00 00:00:00"
389,289,"0000-00-00 00:00:00"
390,284,"0000-00-00 00:00:00"
390,290,"0000-00-00 00:00:00"
391,285,"0000-00-00 00:00:00"
391,291,"0000-00-00 00:00:00"
392,286,"0000-00-00 00:00:00"
392,292,"0000-00-00 00:00:00"
393,287,"0000-00-00 00:00:00"
393,293,"0000-00-00 00:00:00"
394,288,"0000-00-00 00:00:00"
394,294,"0000-00-00 00:00:00"
395,289,"0000-00-00 00:00:00"
395,295,"0000-00-00 00:00:00"
396,290,"0000-00-00 00:00:00"
396,296,"0000-00-00 00:00:00"
397,291,"0000-00-00 00:00:00"
397,297,"0000-00-00 00:00:00"
398,292,"0000-00-00 00:00:00"
398,298,"0000-00-00 00:00:00"
399,293,"0000-00-00 00:00:00"
399,299,"0000-00-00 00:00:00"
400,294,"0000-00-00 00:00:00"
400,300,"0000-00-00 00:00:00"
401,295,"0000-00-00 00:00:00"
401,301,"0000-00-00 00:00:00"
402,296,"0000-00-00 00:00:00"
402,302,"0000-00-00 00:00:00"
403,297,"0000-00-00 00:00:00"
403,303,"0000-00-00 00:00:00"
404,298,"0000-00-00 00:00:00"
404,304,"0000-00-00 00:00:00"
405,299,"0000-00-00 00:00:00"
405,305,"0000-00-00 00:00:00"
406,300,"0000-00-00 00:00:00"
406,306,"0000-00-00 00:00:00"
407,301,"0000-00-00 00:00:00"
407,307,"0000-00-00 00:00:00"
408,302,"0000-00-00 00:00:00"
408,308,"0000-00-00 00:00:00"
409,303,"0000-00-00 00:00:00"
409,309,"0000-00-00 00:00:00"
410,304,"0000-00-00 00:00:00"
410,310,"0000-00-00 00:00:00"
411,305,"0000-00-00 00:00:00"
411,311,"0000-00-00 00:00:00"
412,306,"0000-00-00 00:00:00"
412,312,"0000-00-00 00:00:00"
413,307,"0000-00-00 00:00:00"
413,313,"0000-00-00 00:00:00"
414,308,"0000-00-00 00:00:00"
414,314,"0000-00-00 00:00:00"
415,309,"0000-00-00 00:00:00"
415,315,"0000-00-00 00:00:00"
416,310,"0000-00-00 00:00:00"
416,316,"0000-00-00 00:00:00"
417,311,"0000-00-00 00:00:00"
417,317,"0000-00-00 00:00:00"
418,312,"0000-00-00 00:00:00"
418,318,"0000-00-00 00:00:00"
419,313,"0000-00-00 00:00:00"
419,319,"0000-00-00 00:00:00"
420,314,"0000-00-00 00:00:00"
420,320,"0000-00-00 00:00:00"
421,315,"0000-00-00 00:00:00"
421,321,"0000-00-00 00:00:00"
422,316,"0000-00-00 00:00:00"
422,322,"0000-00-00 00:00:00"
423,317,"0000-00-00 00:00:00"
423,323,"0000-00-00 00:00:00"
424,318,"0000-00-00 00:00:00"
424,324,"0000-00-00 00:00:00"
425,319,"0000-00-00 00:00:00"
425,325,"0000-00-00 00:00:00"
426,320,"0000-00-00 00:00:00"
426,326,"0000-00-00 00:00:00"
427,321,"0000-00-00 00:00:00"
427,327,"0000-00-00 00:00:00"
428,322,"0000-00-00 00:00:00"
428,328,"0000-00-00 00:00:00"
429,323,"0000-00-00 00:00:00"
429,329,"0000-00-00 00:00:00"
430,324,"0000-00-00 00:00:00"
430,330,"0000-00-00 00:00:00"
431,325,"0000-00-00 00:00:00"
431,331,"0000-00-00 00:00:00"
432,326,"0000-00-00 00:00:00"
432,332,"0000-00-00 00:00:00"
433,327,"0000-00-00 00:00:00"
433,333,"0000-00-00 00:00:00"
434,328,"0000-00-00 00:00:00"
434,334,"0000-00-00 00:00:00"
435,329,"0000-00-00 00:00:00"
435,335,"0000-00-00 00:00:00"
436,330,"0000-00-00 00:00:00"
436,336,"0000-00-00 00:00:00"
437,331,"0000-00-00 00:00:00"
437,337,"0000-00-00 00:00:00"
438,332,"0000-00-00 00:00:00"
438,338,"0000-00-00 00:00:00"
439,333,"0000-00-00 00:00:00"
439,339,"0000-00-00 00:00:00"
440,334,"0000-00-00 00:00:00"
440,340,"0000-00-00 00:00:00"
441,335,"0000-00-00 00:00:00"
441,341,"0000-00-00 00:00:00"
442,336,"0000-00-00 00:00:00"
442,342,"0000-00-00 00:00:00"
443,337,"0000-00-00 00:00:00"
443,343,"0000-00-00 00:00:00"
